"locus_name","accession","tissue","timepoint","expression_value","group"
"BRAA02G018970.3C","Ro18","apex",11,0.396873376934661,"Ro18-11-a"
"BRAA02G018970.3C","Ro18","apex",11,1.41477110131611,"Ro18-11-b"
"BRAA02G018970.3C","Ro18","apex",11,0.742398383441149,"Ro18-11-c"
"BRAA02G018970.3C","Ro18","apex",29,11.300700189194,"Ro18-29-a"
"BRAA02G018970.3C","Ro18","apex",29,23.2055663885932,"Ro18-29-b"
"BRAA02G018970.3C","Ro18","apex",29,22.0307747363949,"Ro18-29-c"
"BRAA02G018970.3C","Ro18","apex",31,28.2960494621665,"Ro18-31-a"
"BRAA02G018970.3C","Ro18","apex",31,23.5425417938456,"Ro18-31-b"
"BRAA02G018970.3C","Ro18","apex",31,22.9507633099328,"Ro18-31-c"
"BRAA02G018970.3C","Ro18","apex",33,19.7037097961596,"Ro18-33-a"
"BRAA02G018970.3C","Ro18","apex",33,21.4203691497537,"Ro18-33-b"
"BRAA02G018970.3C","Ro18","apex",33,18.7253333822347,"Ro18-33-c"
"BRAA02G018970.3C","Ro18","apex",35,19.2667657591771,"Ro18-35-a"
"BRAA02G018970.3C","Ro18","apex",35,27.0502798447147,"Ro18-35-b"
"BRAA02G018970.3C","Ro18","apex",35,21.2988390100727,"Ro18-35-c"
"BRAA02G018970.3C","Ro18","apex",13,6.01449377596318,"Ro18-13-a"
"BRAA02G018970.3C","Ro18","apex",13,6.29019731218412,"Ro18-13-b"
"BRAA02G018970.3C","Ro18","apex",13,6.43324645350487,"Ro18-13-c"
"BRAA02G018970.3C","Ro18","apex",15,0.555533115804609,"Ro18-15-a"
"BRAA02G018970.3C","Ro18","apex",15,0.630866907975143,"Ro18-15-b"
"BRAA02G018970.3C","Ro18","apex",15,0.558593185489127,"Ro18-15-c"
"BRAA02G018970.3C","Ro18","apex",17,12.0003833521976,"Ro18-17-a"
"BRAA02G018970.3C","Ro18","apex",17,6.4175331943956,"Ro18-17-b"
"BRAA02G018970.3C","Ro18","apex",17,7.65095536409749,"Ro18-17-c"
"BRAA02G018970.3C","Ro18","apex",19,2.57223560297022,"Ro18-19-a"
"BRAA02G018970.3C","Ro18","apex",19,9.27518398629764,"Ro18-19-b"
"BRAA02G018970.3C","Ro18","apex",19,3.82025329027109,"Ro18-19-c"
"BRAA02G018970.3C","Ro18","apex",21,1.96259938794003,"Ro18-21-a"
"BRAA02G018970.3C","Ro18","apex",21,3.93995072872843,"Ro18-21-b"
"BRAA02G018970.3C","Ro18","apex",21,5.21774508684943,"Ro18-21-c"
"BRAA02G018970.3C","Ro18","apex",23,15.3574900137659,"Ro18-23-a"
"BRAA02G018970.3C","Ro18","apex",23,21.9028181166371,"Ro18-23-b"
"BRAA02G018970.3C","Ro18","apex",23,23.1969625215667,"Ro18-23-c"
"BRAA02G018970.3C","Ro18","apex",25,7.04208054867844,"Ro18-25-a"
"BRAA02G018970.3C","Ro18","apex",25,14.5964891691742,"Ro18-25-b"
"BRAA02G018970.3C","Ro18","apex",25,16.1295269756334,"Ro18-25-c"
"BRAA02G018970.3C","Ro18","apex",27,22.2448627701023,"Ro18-27-a"
"BRAA02G018970.3C","Ro18","apex",27,20.9870041552395,"Ro18-27-b"
"BRAA02G018970.3C","Ro18","apex",27,26.0913282310319,"Ro18-27-c"
"BRAA02G043220.3C","Ro18","apex",11,3.47264204817829,"Ro18-11-a"
"BRAA02G043220.3C","Ro18","apex",11,5.23766322614899,"Ro18-11-b"
"BRAA02G043220.3C","Ro18","apex",11,6.26196897337317,"Ro18-11-c"
"BRAA02G043220.3C","Ro18","apex",29,19.7020953735803,"Ro18-29-a"
"BRAA02G043220.3C","Ro18","apex",29,28.5654635651307,"Ro18-29-b"
"BRAA02G043220.3C","Ro18","apex",29,37.3238303144329,"Ro18-29-c"
"BRAA02G043220.3C","Ro18","apex",31,35.2109327151909,"Ro18-31-a"
"BRAA02G043220.3C","Ro18","apex",31,51.5359123845375,"Ro18-31-b"
"BRAA02G043220.3C","Ro18","apex",31,21.3982877760027,"Ro18-31-c"
"BRAA02G043220.3C","Ro18","apex",33,5.1728736799944,"Ro18-33-a"
"BRAA02G043220.3C","Ro18","apex",33,13.9946411778391,"Ro18-33-b"
"BRAA02G043220.3C","Ro18","apex",33,12.675189116922,"Ro18-33-c"
"BRAA02G043220.3C","Ro18","apex",35,7.28575175767201,"Ro18-35-a"
"BRAA02G043220.3C","Ro18","apex",35,8.79517605537038,"Ro18-35-b"
"BRAA02G043220.3C","Ro18","apex",35,9.10748731689171,"Ro18-35-c"
"BRAA02G043220.3C","Ro18","apex",13,3.41599889217326,"Ro18-13-a"
"BRAA02G043220.3C","Ro18","apex",13,4.89237568725432,"Ro18-13-b"
"BRAA02G043220.3C","Ro18","apex",13,3.48221597024575,"Ro18-13-c"
"BRAA02G043220.3C","Ro18","apex",15,7.77746362126453,"Ro18-15-a"
"BRAA02G043220.3C","Ro18","apex",15,12.0127573726933,"Ro18-15-b"
"BRAA02G043220.3C","Ro18","apex",15,9.60780279041298,"Ro18-15-c"
"BRAA02G043220.3C","Ro18","apex",17,15.5480545231558,"Ro18-17-a"
"BRAA02G043220.3C","Ro18","apex",17,13.5847782105664,"Ro18-17-b"
"BRAA02G043220.3C","Ro18","apex",17,23.6701431576766,"Ro18-17-c"
"BRAA02G043220.3C","Ro18","apex",19,18.03740521589,"Ro18-19-a"
"BRAA02G043220.3C","Ro18","apex",19,26.6764141198826,"Ro18-19-b"
"BRAA02G043220.3C","Ro18","apex",19,11.9084458032669,"Ro18-19-c"
"BRAA02G043220.3C","Ro18","apex",21,9.91451070114533,"Ro18-21-a"
"BRAA02G043220.3C","Ro18","apex",21,16.1350363176498,"Ro18-21-b"
"BRAA02G043220.3C","Ro18","apex",21,18.1118585999014,"Ro18-21-c"
"BRAA02G043220.3C","Ro18","apex",23,26.0423820020669,"Ro18-23-a"
"BRAA02G043220.3C","Ro18","apex",23,49.3881837776365,"Ro18-23-b"
"BRAA02G043220.3C","Ro18","apex",23,35.5554582239398,"Ro18-23-c"
"BRAA02G043220.3C","Ro18","apex",25,29.9013342047401,"Ro18-25-a"
"BRAA02G043220.3C","Ro18","apex",25,37.2819741123846,"Ro18-25-b"
"BRAA02G043220.3C","Ro18","apex",25,31.7073397488809,"Ro18-25-c"
"BRAA02G043220.3C","Ro18","apex",27,21.0681823716838,"Ro18-27-a"
"BRAA02G043220.3C","Ro18","apex",27,21.2100065606671,"Ro18-27-b"
"BRAA02G043220.3C","Ro18","apex",27,23.1587944907793,"Ro18-27-c"
"BRAA03G023790.3C","Ro18","apex",11,1.98436688467331,"Ro18-11-a"
"BRAA03G023790.3C","Ro18","apex",11,1.47497412690403,"Ro18-11-b"
"BRAA03G023790.3C","Ro18","apex",11,2.19491695973905,"Ro18-11-c"
"BRAA03G023790.3C","Ro18","apex",29,113.797721438706,"Ro18-29-a"
"BRAA03G023790.3C","Ro18","apex",29,94.6502073660242,"Ro18-29-b"
"BRAA03G023790.3C","Ro18","apex",29,129.176178468592,"Ro18-29-c"
"BRAA03G023790.3C","Ro18","apex",31,77.0474230242837,"Ro18-31-a"
"BRAA03G023790.3C","Ro18","apex",31,177.593925347852,"Ro18-31-b"
"BRAA03G023790.3C","Ro18","apex",31,74.3118288907858,"Ro18-31-c"
"BRAA03G023790.3C","Ro18","apex",33,30.0234628160479,"Ro18-33-a"
"BRAA03G023790.3C","Ro18","apex",33,61.8204835703801,"Ro18-33-b"
"BRAA03G023790.3C","Ro18","apex",33,80.3765772079548,"Ro18-33-c"
"BRAA03G023790.3C","Ro18","apex",35,38.7416958542877,"Ro18-35-a"
"BRAA03G023790.3C","Ro18","apex",35,50.3165885958398,"Ro18-35-b"
"BRAA03G023790.3C","Ro18","apex",35,63.6947688934515,"Ro18-35-c"
"BRAA03G023790.3C","Ro18","apex",13,1.34304229948692,"Ro18-13-a"
"BRAA03G023790.3C","Ro18","apex",13,3.35477189983153,"Ro18-13-b"
"BRAA03G023790.3C","Ro18","apex",13,4.45605602972126,"Ro18-13-c"
"BRAA03G023790.3C","Ro18","apex",15,3.56194762486485,"Ro18-15-a"
"BRAA03G023790.3C","Ro18","apex",15,11.2767459800557,"Ro18-15-b"
"BRAA03G023790.3C","Ro18","apex",15,8.43475710088582,"Ro18-15-c"
"BRAA03G023790.3C","Ro18","apex",17,30.4791227557102,"Ro18-17-a"
"BRAA03G023790.3C","Ro18","apex",17,19.4025419475418,"Ro18-17-b"
"BRAA03G023790.3C","Ro18","apex",17,44.8962311295999,"Ro18-17-c"
"BRAA03G023790.3C","Ro18","apex",19,30.7080472601507,"Ro18-19-a"
"BRAA03G023790.3C","Ro18","apex",19,45.9928739851514,"Ro18-19-b"
"BRAA03G023790.3C","Ro18","apex",19,24.3541147254782,"Ro18-19-c"
"BRAA03G023790.3C","Ro18","apex",21,23.8895718600976,"Ro18-21-a"
"BRAA03G023790.3C","Ro18","apex",21,38.5552321311282,"Ro18-21-b"
"BRAA03G023790.3C","Ro18","apex",21,32.0713755600064,"Ro18-21-c"
"BRAA03G023790.3C","Ro18","apex",23,104.26755454027,"Ro18-23-a"
"BRAA03G023790.3C","Ro18","apex",23,124.819352511031,"Ro18-23-b"
"BRAA03G023790.3C","Ro18","apex",23,165.121398461921,"Ro18-23-c"
"BRAA03G023790.3C","Ro18","apex",25,87.3107955527554,"Ro18-25-a"
"BRAA03G023790.3C","Ro18","apex",25,115.034853363456,"Ro18-25-b"
"BRAA03G023790.3C","Ro18","apex",25,120.07897346045,"Ro18-25-c"
"BRAA03G023790.3C","Ro18","apex",27,108.758888253825,"Ro18-27-a"
"BRAA03G023790.3C","Ro18","apex",27,125.69902252601,"Ro18-27-b"
"BRAA03G023790.3C","Ro18","apex",27,115.574717594812,"Ro18-27-c"
"BRAA03G051930.3C","Ro18","apex",11,19.9428871909667,"Ro18-11-a"
"BRAA03G051930.3C","Ro18","apex",11,16.9170501902054,"Ro18-11-b"
"BRAA03G051930.3C","Ro18","apex",11,17.6238920590812,"Ro18-11-c"
"BRAA03G051930.3C","Ro18","apex",29,40.8538432495645,"Ro18-29-a"
"BRAA03G051930.3C","Ro18","apex",29,38.7895448845376,"Ro18-29-b"
"BRAA03G051930.3C","Ro18","apex",29,35.2555072239606,"Ro18-29-c"
"BRAA03G051930.3C","Ro18","apex",31,18.0828536951473,"Ro18-31-a"
"BRAA03G051930.3C","Ro18","apex",31,31.9756910931335,"Ro18-31-b"
"BRAA03G051930.3C","Ro18","apex",31,31.1012598630656,"Ro18-31-c"
"BRAA03G051930.3C","Ro18","apex",33,8.83807563416129,"Ro18-33-a"
"BRAA03G051930.3C","Ro18","apex",33,16.1236960509055,"Ro18-33-b"
"BRAA03G051930.3C","Ro18","apex",33,36.2461131550859,"Ro18-33-c"
"BRAA03G051930.3C","Ro18","apex",35,9.50617134096253,"Ro18-35-a"
"BRAA03G051930.3C","Ro18","apex",35,11.2496437917528,"Ro18-35-b"
"BRAA03G051930.3C","Ro18","apex",35,20.0883501894732,"Ro18-35-c"
"BRAA03G051930.3C","Ro18","apex",13,22.9193088064616,"Ro18-13-a"
"BRAA03G051930.3C","Ro18","apex",13,16.3265565791801,"Ro18-13-b"
"BRAA03G051930.3C","Ro18","apex",13,19.8309248475012,"Ro18-13-c"
"BRAA03G051930.3C","Ro18","apex",15,26.567554302891,"Ro18-15-a"
"BRAA03G051930.3C","Ro18","apex",15,23.8940841395585,"Ro18-15-b"
"BRAA03G051930.3C","Ro18","apex",15,30.0243837200406,"Ro18-15-c"
"BRAA03G051930.3C","Ro18","apex",17,30.0780816668192,"Ro18-17-a"
"BRAA03G051930.3C","Ro18","apex",17,38.0553720733085,"Ro18-17-b"
"BRAA03G051930.3C","Ro18","apex",17,47.3668521325897,"Ro18-17-c"
"BRAA03G051930.3C","Ro18","apex",19,50.3332522309606,"Ro18-19-a"
"BRAA03G051930.3C","Ro18","apex",19,44.9258174203561,"Ro18-19-b"
"BRAA03G051930.3C","Ro18","apex",19,39.814202259544,"Ro18-19-c"
"BRAA03G051930.3C","Ro18","apex",21,31.0293730817415,"Ro18-21-a"
"BRAA03G051930.3C","Ro18","apex",21,47.7797199483893,"Ro18-21-b"
"BRAA03G051930.3C","Ro18","apex",21,33.7104577862418,"Ro18-21-c"
"BRAA03G051930.3C","Ro18","apex",23,54.2413477081945,"Ro18-23-a"
"BRAA03G051930.3C","Ro18","apex",23,44.9274878929068,"Ro18-23-b"
"BRAA03G051930.3C","Ro18","apex",23,59.6776557178766,"Ro18-23-c"
"BRAA03G051930.3C","Ro18","apex",25,42.1149426563543,"Ro18-25-a"
"BRAA03G051930.3C","Ro18","apex",25,48.0673018110995,"Ro18-25-b"
"BRAA03G051930.3C","Ro18","apex",25,69.580897053839,"Ro18-25-c"
"BRAA03G051930.3C","Ro18","apex",27,31.7143383573751,"Ro18-27-a"
"BRAA03G051930.3C","Ro18","apex",27,31.393783075193,"Ro18-27-b"
"BRAA03G051930.3C","Ro18","apex",27,31.0519694178142,"Ro18-27-c"
"BRAA04G005470.3C","Ro18","apex",11,0.198436688467331,"Ro18-11-a"
"BRAA04G005470.3C","Ro18","apex",11,0.0602030255879194,"Ro18-11-b"
"BRAA04G005470.3C","Ro18","apex",11,0.0645563811687956,"Ro18-11-c"
"BRAA04G005470.3C","Ro18","apex",29,2.73457176589827,"Ro18-29-a"
"BRAA04G005470.3C","Ro18","apex",29,7.62158789264876,"Ro18-29-b"
"BRAA04G005470.3C","Ro18","apex",29,6.04827812819946,"Ro18-29-c"
"BRAA04G005470.3C","Ro18","apex",31,8.24578128498718,"Ro18-31-a"
"BRAA04G005470.3C","Ro18","apex",31,5.91491721686169,"Ro18-31-b"
"BRAA04G005470.3C","Ro18","apex",31,8.53861543661536,"Ro18-31-c"
"BRAA04G005470.3C","Ro18","apex",33,19.7556984763605,"Ro18-33-a"
"BRAA04G005470.3C","Ro18","apex",33,11.6059454665938,"Ro18-33-b"
"BRAA04G005470.3C","Ro18","apex",33,11.1968733235877,"Ro18-33-c"
"BRAA04G005470.3C","Ro18","apex",35,20.7933042226893,"Ro18-35-a"
"BRAA04G005470.3C","Ro18","apex",35,16.9767351766451,"Ro18-35-b"
"BRAA04G005470.3C","Ro18","apex",35,15.5057853686321,"Ro18-35-c"
"BRAA04G005470.3C","Ro18","apex",13,0.116786286911906,"Ro18-13-a"
"BRAA04G005470.3C","Ro18","apex",13,0.894605839955075,"Ro18-13-b"
"BRAA04G005470.3C","Ro18","apex",13,0.619716401484414,"Ro18-13-c"
"BRAA04G005470.3C","Ro18","apex",15,0.130713674306967,"Ro18-15-a"
"BRAA04G005470.3C","Ro18","apex",15,0.131430605828155,"Ro18-15-b"
"BRAA04G005470.3C","Ro18","apex",15,0,"Ro18-15-c"
"BRAA04G005470.3C","Ro18","apex",17,0,"Ro18-17-a"
"BRAA04G005470.3C","Ro18","apex",17,0,"Ro18-17-b"
"BRAA04G005470.3C","Ro18","apex",17,0,"Ro18-17-c"
"BRAA04G005470.3C","Ro18","apex",19,0.127023980393591,"Ro18-19-a"
"BRAA04G005470.3C","Ro18","apex",19,0.191522973168388,"Ro18-19-b"
"BRAA04G005470.3C","Ro18","apex",19,0.119382915320972,"Ro18-19-c"
"BRAA04G005470.3C","Ro18","apex",21,0.203027522890348,"Ro18-21-a"
"BRAA04G005470.3C","Ro18","apex",21,0,"Ro18-21-b"
"BRAA04G005470.3C","Ro18","apex",21,0.136590185519618,"Ro18-21-c"
"BRAA04G005470.3C","Ro18","apex",23,0.751536745354502,"Ro18-23-a"
"BRAA04G005470.3C","Ro18","apex",23,1.68277748944895,"Ro18-23-b"
"BRAA04G005470.3C","Ro18","apex",23,1.88351405089644,"Ro18-23-c"
"BRAA04G005470.3C","Ro18","apex",25,0.440130034292403,"Ro18-25-a"
"BRAA04G005470.3C","Ro18","apex",25,0.570377907143575,"Ro18-25-b"
"BRAA04G005470.3C","Ro18","apex",25,0.843798191884242,"Ro18-25-c"
"BRAA04G005470.3C","Ro18","apex",27,4.20242999435183,"Ro18-27-a"
"BRAA04G005470.3C","Ro18","apex",27,3.02292149579601,"Ro18-27-b"
"BRAA04G005470.3C","Ro18","apex",27,5.64581262142076,"Ro18-27-c"
"BRAA05G005370.3C","Ro18","apex",11,1.58749350773865,"Ro18-11-a"
"BRAA05G005370.3C","Ro18","apex",11,2.37801951072282,"Ro18-11-b"
"BRAA05G005370.3C","Ro18","apex",11,1.61390952921989,"Ro18-11-c"
"BRAA05G005370.3C","Ro18","apex",29,35.8130061389327,"Ro18-29-a"
"BRAA05G005370.3C","Ro18","apex",29,39.8429350810825,"Ro18-29-b"
"BRAA05G005370.3C","Ro18","apex",29,45.3777550758177,"Ro18-29-c"
"BRAA05G005370.3C","Ro18","apex",31,27.0808816938526,"Ro18-31-a"
"BRAA05G005370.3C","Ro18","apex",31,56.5723765493901,"Ro18-31-b"
"BRAA05G005370.3C","Ro18","apex",31,24.8654831351132,"Ro18-31-c"
"BRAA05G005370.3C","Ro18","apex",33,8.94205299456319,"Ro18-33-a"
"BRAA05G005370.3C","Ro18","apex",33,21.7059740717504,"Ro18-33-b"
"BRAA05G005370.3C","Ro18","apex",33,28.4712671308832,"Ro18-33-c"
"BRAA05G005370.3C","Ro18","apex",35,13.6000699476544,"Ro18-35-a"
"BRAA05G005370.3C","Ro18","apex",35,19.3545007962656,"Ro18-35-b"
"BRAA05G005370.3C","Ro18","apex",35,21.0394485485157,"Ro18-35-c"
"BRAA05G005370.3C","Ro18","apex",13,1.19705944084704,"Ro18-13-a"
"BRAA05G005370.3C","Ro18","apex",13,3.49455406232451,"Ro18-13-b"
"BRAA05G005370.3C","Ro18","apex",13,3.86584993306944,"Ro18-13-c"
"BRAA05G005370.3C","Ro18","apex",15,4.83640594935778,"Ro18-15-a"
"BRAA05G005370.3C","Ro18","apex",15,7.09725271472036,"Ro18-15-b"
"BRAA05G005370.3C","Ro18","apex",15,8.63026471580701,"Ro18-15-c"
"BRAA05G005370.3C","Ro18","apex",17,13.1726573043403,"Ro18-17-a"
"BRAA05G005370.3C","Ro18","apex",17,10.0461384117875,"Ro18-17-b"
"BRAA05G005370.3C","Ro18","apex",17,18.7554669689334,"Ro18-17-c"
"BRAA05G005370.3C","Ro18","apex",19,14.0996618236886,"Ro18-19-a"
"BRAA05G005370.3C","Ro18","apex",19,18.2767637252119,"Ro18-19-b"
"BRAA05G005370.3C","Ro18","apex",19,12.1173659050786,"Ro18-19-c"
"BRAA05G005370.3C","Ro18","apex",21,11.8094342481219,"Ro18-21-a"
"BRAA05G005370.3C","Ro18","apex",21,20.6691066007103,"Ro18-21-b"
"BRAA05G005370.3C","Ro18","apex",21,16.2269140397307,"Ro18-21-c"
"BRAA05G005370.3C","Ro18","apex",23,33.6884514982822,"Ro18-23-a"
"BRAA05G005370.3C","Ro18","apex",23,49.1477869934295,"Ro18-23-b"
"BRAA05G005370.3C","Ro18","apex",23,50.1939972510823,"Ro18-23-c"
"BRAA05G005370.3C","Ro18","apex",25,39.39163806917,"Ro18-25-a"
"BRAA05G005370.3C","Ro18","apex",25,38.0856884360869,"Ro18-25-b"
"BRAA05G005370.3C","Ro18","apex",25,41.7031029450481,"Ro18-25-c"
"BRAA05G005370.3C","Ro18","apex",27,37.0934487501455,"Ro18-27-a"
"BRAA05G005370.3C","Ro18","apex",27,38.752862454303,"Ro18-27-b"
"BRAA05G005370.3C","Ro18","apex",27,36.5881546096928,"Ro18-27-c"
"BRAA06G025360.3C","Ro18","apex",11,0.661455628224436,"Ro18-11-a"
"BRAA06G025360.3C","Ro18","apex",11,1.62548169087382,"Ro18-11-b"
"BRAA06G025360.3C","Ro18","apex",11,4.3575557288937,"Ro18-11-c"
"BRAA06G025360.3C","Ro18","apex",29,14.134111898438,"Ro18-29-a"
"BRAA06G025360.3C","Ro18","apex",29,22.9577098717591,"Ro18-29-b"
"BRAA06G025360.3C","Ro18","apex",29,18.2701872991725,"Ro18-29-c"
"BRAA06G025360.3C","Ro18","apex",31,14.9870691425381,"Ro18-31-a"
"BRAA06G025360.3C","Ro18","apex",31,28.6961330322993,"Ro18-31-b"
"BRAA06G025360.3C","Ro18","apex",31,10.0910909705454,"Ro18-31-c"
"BRAA06G025360.3C","Ro18","apex",33,3.09332647195645,"Ro18-33-a"
"BRAA06G025360.3C","Ro18","apex",33,10.1519567727924,"Ro18-33-b"
"BRAA06G025360.3C","Ro18","apex",33,5.00984796629964,"Ro18-33-c"
"BRAA06G025360.3C","Ro18","apex",35,6.7075174911901,"Ro18-35-a"
"BRAA06G025360.3C","Ro18","apex",35,4.57655963346307,"Ro18-35-b"
"BRAA06G025360.3C","Ro18","apex",35,4.89959760718858,"Ro18-35-c"
"BRAA06G025360.3C","Ro18","apex",13,2.36492230996611,"Ro18-13-a"
"BRAA06G025360.3C","Ro18","apex",13,2.96338184485119,"Ro18-13-b"
"BRAA06G025360.3C","Ro18","apex",13,2.06572133828138,"Ro18-13-c"
"BRAA06G025360.3C","Ro18","apex",15,4.50962176359036,"Ro18-15-a"
"BRAA06G025360.3C","Ro18","apex",15,6.33495520091706,"Ro18-15-b"
"BRAA06G025360.3C","Ro18","apex",15,4.77597173593204,"Ro18-15-c"
"BRAA06G025360.3C","Ro18","apex",17,7.71232863251775,"Ro18-17-a"
"BRAA06G025360.3C","Ro18","apex",17,4.55824787639313,"Ro18-17-b"
"BRAA06G025360.3C","Ro18","apex",17,7.0665073848956,"Ro18-17-c"
"BRAA06G025360.3C","Ro18","apex",19,9.87611447560172,"Ro18-19-a"
"BRAA06G025360.3C","Ro18","apex",19,6.37497896403348,"Ro18-19-b"
"BRAA06G025360.3C","Ro18","apex",19,3.10395579834526,"Ro18-19-c"
"BRAA06G025360.3C","Ro18","apex",21,5.24487767466733,"Ro18-21-a"
"BRAA06G025360.3C","Ro18","apex",21,4.15883688032446,"Ro18-21-b"
"BRAA06G025360.3C","Ro18","apex",21,3.87916126875716,"Ro18-21-c"
"BRAA06G025360.3C","Ro18","apex",23,9.86800422161128,"Ro18-23-a"
"BRAA06G025360.3C","Ro18","apex",23,13.4355091617908,"Ro18-23-b"
"BRAA06G025360.3C","Ro18","apex",23,17.8438173242821,"Ro18-23-c"
"BRAA06G025360.3C","Ro18","apex",25,12.3511490873305,"Ro18-25-a"
"BRAA06G025360.3C","Ro18","apex",25,16.3076228906049,"Ro18-25-b"
"BRAA06G025360.3C","Ro18","apex",25,20.7055094777749,"Ro18-25-c"
"BRAA06G025360.3C","Ro18","apex",27,15.6610557789511,"Ro18-27-a"
"BRAA06G025360.3C","Ro18","apex",27,10.6793374154761,"Ro18-27-b"
"BRAA06G025360.3C","Ro18","apex",27,12.4427132530341,"Ro18-27-c"
"BRAA07G030470.3C","Ro18","apex",11,0.198436688467331,"Ro18-11-a"
"BRAA07G030470.3C","Ro18","apex",11,0,"Ro18-11-b"
"BRAA07G030470.3C","Ro18","apex",11,0,"Ro18-11-c"
"BRAA07G030470.3C","Ro18","apex",29,44.8403876311752,"Ro18-29-a"
"BRAA07G030470.3C","Ro18","apex",29,84.5500543050344,"Ro18-29-b"
"BRAA07G030470.3C","Ro18","apex",29,86.9635844857694,"Ro18-29-c"
"BRAA07G030470.3C","Ro18","apex",31,150.420410177713,"Ro18-31-a"
"BRAA07G030470.3C","Ro18","apex",31,73.5265204531669,"Ro18-31-b"
"BRAA07G030470.3C","Ro18","apex",31,107.017313472246,"Ro18-31-c"
"BRAA07G030470.3C","Ro18","apex",33,122.849251314842,"Ro18-33-a"
"BRAA07G030470.3C","Ro18","apex",33,91.0560419493167,"Ro18-33-b"
"BRAA07G030470.3C","Ro18","apex",33,69.8093569074539,"Ro18-33-c"
"BRAA07G030470.3C","Ro18","apex",35,119.50945819648,"Ro18-35-a"
"BRAA07G030470.3C","Ro18","apex",35,137.961540682496,"Ro18-35-b"
"BRAA07G030470.3C","Ro18","apex",35,120.357174162468,"Ro18-35-c"
"BRAA07G030470.3C","Ro18","apex",13,0,"Ro18-13-a"
"BRAA07G030470.3C","Ro18","apex",13,1.14621373244244,"Ro18-13-b"
"BRAA07G030470.3C","Ro18","apex",13,1.56404615612733,"Ro18-13-c"
"BRAA07G030470.3C","Ro18","apex",15,0.130713674306967,"Ro18-15-a"
"BRAA07G030470.3C","Ro18","apex",15,0.0788583634968929,"Ro18-15-b"
"BRAA07G030470.3C","Ro18","apex",15,0.111718637097825,"Ro18-15-c"
"BRAA07G030470.3C","Ro18","apex",17,0,"Ro18-17-a"
"BRAA07G030470.3C","Ro18","apex",17,0.179930837226045,"Ro18-17-b"
"BRAA07G030470.3C","Ro18","apex",17,0,"Ro18-17-c"
"BRAA07G030470.3C","Ro18","apex",19,0.127023980393591,"Ro18-19-a"
"BRAA07G030470.3C","Ro18","apex",19,0.218883397906729,"Ro18-19-b"
"BRAA07G030470.3C","Ro18","apex",19,0.0895371864907286,"Ro18-19-c"
"BRAA07G030470.3C","Ro18","apex",21,2.26714067227555,"Ro18-21-a"
"BRAA07G030470.3C","Ro18","apex",21,3.18948392325635,"Ro18-21-b"
"BRAA07G030470.3C","Ro18","apex",21,6.00996816286321,"Ro18-21-c"
"BRAA07G030470.3C","Ro18","apex",23,12.7761246710265,"Ro18-23-a"
"BRAA07G030470.3C","Ro18","apex",23,39.9592876859623,"Ro18-23-b"
"BRAA07G030470.3C","Ro18","apex",23,33.8041205976677,"Ro18-23-c"
"BRAA07G030470.3C","Ro18","apex",25,18.5404776945675,"Ro18-25-a"
"BRAA07G030470.3C","Ro18","apex",25,35.9078818815387,"Ro18-25-b"
"BRAA07G030470.3C","Ro18","apex",25,32.3888690577105,"Ro18-25-c"
"BRAA07G030470.3C","Ro18","apex",27,67.0147503099305,"Ro18-27-a"
"BRAA07G030470.3C","Ro18","apex",27,54.4621430144233,"Ro18-27-b"
"BRAA07G030470.3C","Ro18","apex",27,75.7251469562406,"Ro18-27-c"
"BRAA07G034100.3C","Ro18","apex",11,0.0330727814112218,"Ro18-11-a"
"BRAA07G034100.3C","Ro18","apex",11,0,"Ro18-11-b"
"BRAA07G034100.3C","Ro18","apex",11,0,"Ro18-11-c"
"BRAA07G034100.3C","Ro18","apex",29,21.0529079326385,"Ro18-29-a"
"BRAA07G034100.3C","Ro18","apex",29,38.8515090137461,"Ro18-29-b"
"BRAA07G034100.3C","Ro18","apex",29,45.0643727893825,"Ro18-29-c"
"BRAA07G034100.3C","Ro18","apex",31,61.6263653930621,"Ro18-31-a"
"BRAA07G034100.3C","Ro18","apex",31,36.7486193423833,"Ro18-31-b"
"BRAA07G034100.3C","Ro18","apex",31,42.874199328702,"Ro18-31-c"
"BRAA07G034100.3C","Ro18","apex",33,47.7775971046719,"Ro18-33-a"
"BRAA07G034100.3C","Ro18","apex",33,36.6093581832154,"Ro18-33-b"
"BRAA07G034100.3C","Ro18","apex",33,34.4392827410106,"Ro18-33-c"
"BRAA07G034100.3C","Ro18","apex",35,53.4751049642466,"Ro18-35-a"
"BRAA07G034100.3C","Ro18","apex",35,56.9385380096216,"Ro18-35-b"
"BRAA07G034100.3C","Ro18","apex",35,47.3531698153578,"Ro18-35-c"
"BRAA07G034100.3C","Ro18","apex",13,0.17517943036786,"Ro18-13-a"
"BRAA07G034100.3C","Ro18","apex",13,1.56556021992138,"Ro18-13-b"
"BRAA07G034100.3C","Ro18","apex",13,1.62306676579251,"Ro18-13-c"
"BRAA07G034100.3C","Ro18","apex",15,0.130713674306967,"Ro18-15-a"
"BRAA07G034100.3C","Ro18","apex",15,0,"Ro18-15-b"
"BRAA07G034100.3C","Ro18","apex",15,0,"Ro18-15-c"
"BRAA07G034100.3C","Ro18","apex",17,0,"Ro18-17-a"
"BRAA07G034100.3C","Ro18","apex",17,0.179930837226045,"Ro18-17-b"
"BRAA07G034100.3C","Ro18","apex",17,0.0531316344728993,"Ro18-17-c"
"BRAA07G034100.3C","Ro18","apex",19,0,"Ro18-19-a"
"BRAA07G034100.3C","Ro18","apex",19,0,"Ro18-19-b"
"BRAA07G034100.3C","Ro18","apex",19,0.179074372981457,"Ro18-19-c"
"BRAA07G034100.3C","Ro18","apex",21,1.89492354697658,"Ro18-21-a"
"BRAA07G034100.3C","Ro18","apex",21,2.81425052052031,"Ro18-21-b"
"BRAA07G034100.3C","Ro18","apex",21,3.00498408143161,"Ro18-21-c"
"BRAA07G034100.3C","Ro18","apex",23,7.18861234686915,"Ro18-23-a"
"BRAA07G034100.3C","Ro18","apex",23,19.9262223353796,"Ro18-23-b"
"BRAA07G034100.3C","Ro18","apex",23,18.8020964028083,"Ro18-23-c"
"BRAA07G034100.3C","Ro18","apex",25,11.3058402558861,"Ro18-25-a"
"BRAA07G034100.3C","Ro18","apex",25,21.3632452493775,"Ro18-25-b"
"BRAA07G034100.3C","Ro18","apex",25,16.5189722949646,"Ro18-25-c"
"BRAA07G034100.3C","Ro18","apex",27,28.4084267618184,"Ro18-27-a"
"BRAA07G034100.3C","Ro18","apex",27,28.9159785704422,"Ro18-27-b"
"BRAA07G034100.3C","Ro18","apex",27,37.821463192042,"Ro18-27-c"
"BRAA09G045310.3C","Ro18","apex",11,0.0330727814112218,"Ro18-11-a"
"BRAA09G045310.3C","Ro18","apex",11,0,"Ro18-11-b"
"BRAA09G045310.3C","Ro18","apex",11,0,"Ro18-11-c"
"BRAA09G045310.3C","Ro18","apex",29,15.6496576964058,"Ro18-29-a"
"BRAA09G045310.3C","Ro18","apex",29,40.6794508253977,"Ro18-29-b"
"BRAA09G045310.3C","Ro18","apex",29,31.6516109299557,"Ro18-29-c"
"BRAA09G045310.3C","Ro18","apex",31,54.8561449695989,"Ro18-31-a"
"BRAA09G045310.3C","Ro18","apex",31,27.2613263806843,"Ro18-31-b"
"BRAA09G045310.3C","Ro18","apex",31,67.3774381725648,"Ro18-31-c"
"BRAA09G045310.3C","Ro18","apex",33,164.310223775099,"Ro18-33-a"
"BRAA09G045310.3C","Ro18","apex",33,91.3156827874955,"Ro18-33-b"
"BRAA09G045310.3C","Ro18","apex",33,73.587275045975,"Ro18-33-c"
"BRAA09G045310.3C","Ro18","apex",35,145.876940748055,"Ro18-35-a"
"BRAA09G045310.3C","Ro18","apex",35,116.970728061975,"Ro18-35-b"
"BRAA09G045310.3C","Ro18","apex",35,93.0635333741877,"Ro18-35-c"
"BRAA09G045310.3C","Ro18","apex",13,0,"Ro18-13-a"
"BRAA09G045310.3C","Ro18","apex",13,1.81716811240875,"Ro18-13-b"
"BRAA09G045310.3C","Ro18","apex",13,3.21662322675243,"Ro18-13-c"
"BRAA09G045310.3C","Ro18","apex",15,0,"Ro18-15-a"
"BRAA09G045310.3C","Ro18","apex",15,0,"Ro18-15-b"
"BRAA09G045310.3C","Ro18","apex",15,0.111718637097825,"Ro18-15-c"
"BRAA09G045310.3C","Ro18","apex",17,0.123397258120284,"Ro18-17-a"
"BRAA09G045310.3C","Ro18","apex",17,0,"Ro18-17-b"
"BRAA09G045310.3C","Ro18","apex",17,0.318789806837396,"Ro18-17-c"
"BRAA09G045310.3C","Ro18","apex",19,0,"Ro18-19-a"
"BRAA09G045310.3C","Ro18","apex",19,0,"Ro18-19-b"
"BRAA09G045310.3C","Ro18","apex",19,0,"Ro18-19-c"
"BRAA09G045310.3C","Ro18","apex",21,0.203027522890348,"Ro18-21-a"
"BRAA09G045310.3C","Ro18","apex",21,0.218886151596024,"Ro18-21-b"
"BRAA09G045310.3C","Ro18","apex",21,2.89571193301591,"Ro18-21-c"
"BRAA09G045310.3C","Ro18","apex",23,3.33290208809388,"Ro18-23-a"
"BRAA09G045310.3C","Ro18","apex",23,12.7944510705721,"Ro18-23-b"
"BRAA09G045310.3C","Ro18","apex",23,11.4002166238469,"Ro18-23-c"
"BRAA09G045310.3C","Ro18","apex",25,2.47573144289476,"Ro18-25-a"
"BRAA09G045310.3C","Ro18","apex",25,6.19637817305975,"Ro18-25-b"
"BRAA09G045310.3C","Ro18","apex",25,6.58811665201927,"Ro18-25-c"
"BRAA09G045310.3C","Ro18","apex",27,22.8051867693493,"Ro18-27-a"
"BRAA09G045310.3C","Ro18","apex",27,21.1108943804771,"Ro18-27-b"
"BRAA09G045310.3C","Ro18","apex",27,26.9957545247546,"Ro18-27-c"
"BRAA02G018970.3C","Col0","apex",7,0.466785522100376,"Col0-07-a"
"BRAA02G018970.3C","Col0","apex",7,0.0741900712410742,"Col0-07-b"
"BRAA02G018970.3C","Col0","apex",8,0,"Col0-08-a"
"BRAA02G018970.3C","Col0","apex",8,0,"Col0-08-b"
"BRAA02G018970.3C","Col0","apex",9,0.372254163518974,"Col0-09-a"
"BRAA02G018970.3C","Col0","apex",9,0,"Col0-09-b"
"BRAA02G018970.3C","Col0","apex",10,0.232806241594262,"Col0-10-a"
"BRAA02G018970.3C","Col0","apex",10,0.297728964294292,"Col0-10-b"
"BRAA02G018970.3C","Col0","apex",11,0,"Col0-11-a"
"BRAA02G018970.3C","Col0","apex",11,0,"Col0-11-b"
"BRAA02G018970.3C","Col0","apex",12,0.11512433104445,"Col0-12-a"
"BRAA02G018970.3C","Col0","apex",12,0.117114406331047,"Col0-12-b"
"BRAA02G018970.3C","Col0","apex",13,1.84746168574465,"Col0-13-a"
"BRAA02G018970.3C","Col0","apex",13,0.816528379587114,"Col0-13-b"
"BRAA02G018970.3C","Col0","apex",14,26.0756696022322,"Col0-14-a"
"BRAA02G018970.3C","Col0","apex",14,42.1549867425333,"Col0-14-b"
"BRAA02G018970.3C","Col0","apex",15,227.824981194326,"Col0-15-a"
"BRAA02G018970.3C","Col0","apex",15,130.048643423838,"Col0-15-b"
"BRAA02G018970.3C","Col0","apex",16,146.284062827275,"Col0-16-a"
"BRAA02G018970.3C","Col0","apex",16,262.275679930721,"Col0-16-b"
"BRAA02G018970.3C","Col0","apex",13,5.97748873009723,"Col0-13-c"
"BRAA02G018970.3C","Col0","apex",10,0,"Col0-10-c"
"BRAA02G018970.3C","Col0","apex",10,0.159933751946858,"Col0-10-d"
"BRAA02G018970.3C","Col0","apex",11,0.0888268508614734,"Col0-11-c"
"BRAA02G018970.3C","Col0","apex",11,0.191786770831201,"Col0-11-d"
"BRAA02G018970.3C","Col0","apex",13,4.85595906018103,"Col0-13-d"
"BRAA02G018970.3C","Col0","apex",9,0.543770043540217,"Col0-09-c"
"BRAA02G018970.3C","Col0","apex",9,0,"Col0-09-d"
"BRAA02G018970.3C","Col0","apex",12,0.535253885223019,"Col0-12-c"
"BRAA02G018970.3C","Col0","apex",12,0,"Col0-12-d"
"BRAA07G030470.3C","Col0","apex",7,0.466785522100376,"Col0-07-a"
"BRAA07G030470.3C","Col0","apex",7,0.0741900712410742,"Col0-07-b"
"BRAA07G030470.3C","Col0","apex",8,0,"Col0-08-a"
"BRAA07G030470.3C","Col0","apex",8,0,"Col0-08-b"
"BRAA07G030470.3C","Col0","apex",9,0.372254163518974,"Col0-09-a"
"BRAA07G030470.3C","Col0","apex",9,0,"Col0-09-b"
"BRAA07G030470.3C","Col0","apex",10,0.232806241594262,"Col0-10-a"
"BRAA07G030470.3C","Col0","apex",10,0.297728964294292,"Col0-10-b"
"BRAA07G030470.3C","Col0","apex",11,0,"Col0-11-a"
"BRAA07G030470.3C","Col0","apex",11,0,"Col0-11-b"
"BRAA07G030470.3C","Col0","apex",12,0.11512433104445,"Col0-12-a"
"BRAA07G030470.3C","Col0","apex",12,0.117114406331047,"Col0-12-b"
"BRAA07G030470.3C","Col0","apex",13,1.84746168574465,"Col0-13-a"
"BRAA07G030470.3C","Col0","apex",13,0.816528379587114,"Col0-13-b"
"BRAA07G030470.3C","Col0","apex",14,26.0756696022322,"Col0-14-a"
"BRAA07G030470.3C","Col0","apex",14,42.1549867425333,"Col0-14-b"
"BRAA07G030470.3C","Col0","apex",15,227.824981194326,"Col0-15-a"
"BRAA07G030470.3C","Col0","apex",15,130.048643423838,"Col0-15-b"
"BRAA07G030470.3C","Col0","apex",16,146.284062827275,"Col0-16-a"
"BRAA07G030470.3C","Col0","apex",16,262.275679930721,"Col0-16-b"
"BRAA07G030470.3C","Col0","apex",13,5.97748873009723,"Col0-13-c"
"BRAA07G030470.3C","Col0","apex",10,0,"Col0-10-c"
"BRAA07G030470.3C","Col0","apex",10,0.159933751946858,"Col0-10-d"
"BRAA07G030470.3C","Col0","apex",11,0.0888268508614734,"Col0-11-c"
"BRAA07G030470.3C","Col0","apex",11,0.191786770831201,"Col0-11-d"
"BRAA07G030470.3C","Col0","apex",13,4.85595906018103,"Col0-13-d"
"BRAA07G030470.3C","Col0","apex",9,0.543770043540217,"Col0-09-c"
"BRAA07G030470.3C","Col0","apex",9,0,"Col0-09-d"
"BRAA07G030470.3C","Col0","apex",12,0.535253885223019,"Col0-12-c"
"BRAA07G030470.3C","Col0","apex",12,0,"Col0-12-d"
"BRAA07G034100.3C","Col0","apex",7,0.466785522100376,"Col0-07-a"
"BRAA07G034100.3C","Col0","apex",7,0.0741900712410742,"Col0-07-b"
"BRAA07G034100.3C","Col0","apex",8,0,"Col0-08-a"
"BRAA07G034100.3C","Col0","apex",8,0,"Col0-08-b"
"BRAA07G034100.3C","Col0","apex",9,0.372254163518974,"Col0-09-a"
"BRAA07G034100.3C","Col0","apex",9,0,"Col0-09-b"
"BRAA07G034100.3C","Col0","apex",10,0.232806241594262,"Col0-10-a"
"BRAA07G034100.3C","Col0","apex",10,0.297728964294292,"Col0-10-b"
"BRAA07G034100.3C","Col0","apex",11,0,"Col0-11-a"
"BRAA07G034100.3C","Col0","apex",11,0,"Col0-11-b"
"BRAA07G034100.3C","Col0","apex",12,0.11512433104445,"Col0-12-a"
"BRAA07G034100.3C","Col0","apex",12,0.117114406331047,"Col0-12-b"
"BRAA07G034100.3C","Col0","apex",13,1.84746168574465,"Col0-13-a"
"BRAA07G034100.3C","Col0","apex",13,0.816528379587114,"Col0-13-b"
"BRAA07G034100.3C","Col0","apex",14,26.0756696022322,"Col0-14-a"
"BRAA07G034100.3C","Col0","apex",14,42.1549867425333,"Col0-14-b"
"BRAA07G034100.3C","Col0","apex",15,227.824981194326,"Col0-15-a"
"BRAA07G034100.3C","Col0","apex",15,130.048643423838,"Col0-15-b"
"BRAA07G034100.3C","Col0","apex",16,146.284062827275,"Col0-16-a"
"BRAA07G034100.3C","Col0","apex",16,262.275679930721,"Col0-16-b"
"BRAA07G034100.3C","Col0","apex",13,5.97748873009723,"Col0-13-c"
"BRAA07G034100.3C","Col0","apex",10,0,"Col0-10-c"
"BRAA07G034100.3C","Col0","apex",10,0.159933751946858,"Col0-10-d"
"BRAA07G034100.3C","Col0","apex",11,0.0888268508614734,"Col0-11-c"
"BRAA07G034100.3C","Col0","apex",11,0.191786770831201,"Col0-11-d"
"BRAA07G034100.3C","Col0","apex",13,4.85595906018103,"Col0-13-d"
"BRAA07G034100.3C","Col0","apex",9,0.543770043540217,"Col0-09-c"
"BRAA07G034100.3C","Col0","apex",9,0,"Col0-09-d"
"BRAA07G034100.3C","Col0","apex",12,0.535253885223019,"Col0-12-c"
"BRAA07G034100.3C","Col0","apex",12,0,"Col0-12-d"
"BRAA03G023790.3C","Col0","apex",7,15.2872258487873,"Col0-07-a"
"BRAA03G023790.3C","Col0","apex",7,12.7606922534648,"Col0-07-b"
"BRAA03G023790.3C","Col0","apex",8,10.3440236969267,"Col0-08-a"
"BRAA03G023790.3C","Col0","apex",8,13.8613539805331,"Col0-08-b"
"BRAA03G023790.3C","Col0","apex",9,16.5032679160079,"Col0-09-a"
"BRAA03G023790.3C","Col0","apex",9,23.7414850625046,"Col0-09-b"
"BRAA03G023790.3C","Col0","apex",10,72.9847567398013,"Col0-10-a"
"BRAA03G023790.3C","Col0","apex",10,59.8435218231526,"Col0-10-b"
"BRAA03G023790.3C","Col0","apex",11,32.6805293897326,"Col0-11-a"
"BRAA03G023790.3C","Col0","apex",11,47.315485297214,"Col0-11-b"
"BRAA03G023790.3C","Col0","apex",12,40.1783915345131,"Col0-12-a"
"BRAA03G023790.3C","Col0","apex",12,47.431334564074,"Col0-12-b"
"BRAA03G023790.3C","Col0","apex",13,69.1643468600654,"Col0-13-a"
"BRAA03G023790.3C","Col0","apex",13,61.5458266113787,"Col0-13-b"
"BRAA03G023790.3C","Col0","apex",14,52.865741111375,"Col0-14-a"
"BRAA03G023790.3C","Col0","apex",14,81.9615062570702,"Col0-14-b"
"BRAA03G023790.3C","Col0","apex",15,76.9593628710964,"Col0-15-a"
"BRAA03G023790.3C","Col0","apex",15,68.8558146223563,"Col0-15-b"
"BRAA03G023790.3C","Col0","apex",16,59.2407681332679,"Col0-16-a"
"BRAA03G023790.3C","Col0","apex",16,64.2330043572534,"Col0-16-b"
"BRAA03G023790.3C","Col0","apex",13,107.134990316358,"Col0-13-c"
"BRAA03G023790.3C","Col0","apex",10,25.4166515344412,"Col0-10-c"
"BRAA03G023790.3C","Col0","apex",10,29.9076116140624,"Col0-10-d"
"BRAA03G023790.3C","Col0","apex",11,25.4933061972429,"Col0-11-c"
"BRAA03G023790.3C","Col0","apex",11,18.2197432289641,"Col0-11-d"
"BRAA03G023790.3C","Col0","apex",13,82.5513040230774,"Col0-13-d"
"BRAA03G023790.3C","Col0","apex",9,11.4191709143446,"Col0-09-c"
"BRAA03G023790.3C","Col0","apex",9,11.7895344205368,"Col0-09-d"
"BRAA03G023790.3C","Col0","apex",12,50.0462382683523,"Col0-12-c"
"BRAA03G023790.3C","Col0","apex",12,64.2178007965299,"Col0-12-d"
"BRAA05G005370.3C","Col0","apex",7,15.2872258487873,"Col0-07-a"
"BRAA05G005370.3C","Col0","apex",7,12.7606922534648,"Col0-07-b"
"BRAA05G005370.3C","Col0","apex",8,10.3440236969267,"Col0-08-a"
"BRAA05G005370.3C","Col0","apex",8,13.8613539805331,"Col0-08-b"
"BRAA05G005370.3C","Col0","apex",9,16.5032679160079,"Col0-09-a"
"BRAA05G005370.3C","Col0","apex",9,23.7414850625046,"Col0-09-b"
"BRAA05G005370.3C","Col0","apex",10,72.9847567398013,"Col0-10-a"
"BRAA05G005370.3C","Col0","apex",10,59.8435218231526,"Col0-10-b"
"BRAA05G005370.3C","Col0","apex",11,32.6805293897326,"Col0-11-a"
"BRAA05G005370.3C","Col0","apex",11,47.315485297214,"Col0-11-b"
"BRAA05G005370.3C","Col0","apex",12,40.1783915345131,"Col0-12-a"
"BRAA05G005370.3C","Col0","apex",12,47.431334564074,"Col0-12-b"
"BRAA05G005370.3C","Col0","apex",13,69.1643468600654,"Col0-13-a"
"BRAA05G005370.3C","Col0","apex",13,61.5458266113787,"Col0-13-b"
"BRAA05G005370.3C","Col0","apex",14,52.865741111375,"Col0-14-a"
"BRAA05G005370.3C","Col0","apex",14,81.9615062570702,"Col0-14-b"
"BRAA05G005370.3C","Col0","apex",15,76.9593628710964,"Col0-15-a"
"BRAA05G005370.3C","Col0","apex",15,68.8558146223563,"Col0-15-b"
"BRAA05G005370.3C","Col0","apex",16,59.2407681332679,"Col0-16-a"
"BRAA05G005370.3C","Col0","apex",16,64.2330043572534,"Col0-16-b"
"BRAA05G005370.3C","Col0","apex",13,107.134990316358,"Col0-13-c"
"BRAA05G005370.3C","Col0","apex",10,25.4166515344412,"Col0-10-c"
"BRAA05G005370.3C","Col0","apex",10,29.9076116140624,"Col0-10-d"
"BRAA05G005370.3C","Col0","apex",11,25.4933061972429,"Col0-11-c"
"BRAA05G005370.3C","Col0","apex",11,18.2197432289641,"Col0-11-d"
"BRAA05G005370.3C","Col0","apex",13,82.5513040230774,"Col0-13-d"
"BRAA05G005370.3C","Col0","apex",9,11.4191709143446,"Col0-09-c"
"BRAA05G005370.3C","Col0","apex",9,11.7895344205368,"Col0-09-d"
"BRAA05G005370.3C","Col0","apex",12,50.0462382683523,"Col0-12-c"
"BRAA05G005370.3C","Col0","apex",12,64.2178007965299,"Col0-12-d"
"BRAA04G005470.3C","Col0","apex",7,0,"Col0-07-a"
"BRAA04G005470.3C","Col0","apex",7,0.0741900712410742,"Col0-07-b"
"BRAA04G005470.3C","Col0","apex",8,0,"Col0-08-a"
"BRAA04G005470.3C","Col0","apex",8,0,"Col0-08-b"
"BRAA04G005470.3C","Col0","apex",9,0,"Col0-09-a"
"BRAA04G005470.3C","Col0","apex",9,0,"Col0-09-b"
"BRAA04G005470.3C","Col0","apex",10,0.232806241594262,"Col0-10-a"
"BRAA04G005470.3C","Col0","apex",10,0,"Col0-10-b"
"BRAA04G005470.3C","Col0","apex",11,0,"Col0-11-a"
"BRAA04G005470.3C","Col0","apex",11,0.120702768615342,"Col0-11-b"
"BRAA04G005470.3C","Col0","apex",12,0,"Col0-12-a"
"BRAA04G005470.3C","Col0","apex",12,0,"Col0-12-b"
"BRAA04G005470.3C","Col0","apex",13,0,"Col0-13-a"
"BRAA04G005470.3C","Col0","apex",13,0,"Col0-13-b"
"BRAA04G005470.3C","Col0","apex",14,2.14320572073142,"Col0-14-a"
"BRAA04G005470.3C","Col0","apex",14,1.6439270595974,"Col0-14-b"
"BRAA04G005470.3C","Col0","apex",15,98.8575126346915,"Col0-15-a"
"BRAA04G005470.3C","Col0","apex",15,117.499115920086,"Col0-15-b"
"BRAA04G005470.3C","Col0","apex",16,105.542668136346,"Col0-16-a"
"BRAA04G005470.3C","Col0","apex",16,106.437032687062,"Col0-16-b"
"BRAA04G005470.3C","Col0","apex",13,0.114951706348024,"Col0-13-c"
"BRAA04G005470.3C","Col0","apex",10,0,"Col0-10-c"
"BRAA04G005470.3C","Col0","apex",10,0.319867503893716,"Col0-10-d"
"BRAA04G005470.3C","Col0","apex",11,0.26648055258442,"Col0-11-c"
"BRAA04G005470.3C","Col0","apex",11,0.191786770831201,"Col0-11-d"
"BRAA04G005470.3C","Col0","apex",13,0,"Col0-13-d"
"BRAA04G005470.3C","Col0","apex",9,0.543770043540217,"Col0-09-c"
"BRAA04G005470.3C","Col0","apex",9,0,"Col0-09-d"
"BRAA04G005470.3C","Col0","apex",12,0,"Col0-12-c"
"BRAA04G005470.3C","Col0","apex",12,0.107929076968958,"Col0-12-d"
"BRAA09G045310.3C","Col0","apex",7,0,"Col0-07-a"
"BRAA09G045310.3C","Col0","apex",7,0.0741900712410742,"Col0-07-b"
"BRAA09G045310.3C","Col0","apex",8,0,"Col0-08-a"
"BRAA09G045310.3C","Col0","apex",8,0,"Col0-08-b"
"BRAA09G045310.3C","Col0","apex",9,0,"Col0-09-a"
"BRAA09G045310.3C","Col0","apex",9,0,"Col0-09-b"
"BRAA09G045310.3C","Col0","apex",10,0.232806241594262,"Col0-10-a"
"BRAA09G045310.3C","Col0","apex",10,0,"Col0-10-b"
"BRAA09G045310.3C","Col0","apex",11,0,"Col0-11-a"
"BRAA09G045310.3C","Col0","apex",11,0.120702768615342,"Col0-11-b"
"BRAA09G045310.3C","Col0","apex",12,0,"Col0-12-a"
"BRAA09G045310.3C","Col0","apex",12,0,"Col0-12-b"
"BRAA09G045310.3C","Col0","apex",13,0,"Col0-13-a"
"BRAA09G045310.3C","Col0","apex",13,0,"Col0-13-b"
"BRAA09G045310.3C","Col0","apex",14,2.14320572073142,"Col0-14-a"
"BRAA09G045310.3C","Col0","apex",14,1.6439270595974,"Col0-14-b"
"BRAA09G045310.3C","Col0","apex",15,98.8575126346915,"Col0-15-a"
"BRAA09G045310.3C","Col0","apex",15,117.499115920086,"Col0-15-b"
"BRAA09G045310.3C","Col0","apex",16,105.542668136346,"Col0-16-a"
"BRAA09G045310.3C","Col0","apex",16,106.437032687062,"Col0-16-b"
"BRAA09G045310.3C","Col0","apex",13,0.114951706348024,"Col0-13-c"
"BRAA09G045310.3C","Col0","apex",10,0,"Col0-10-c"
"BRAA09G045310.3C","Col0","apex",10,0.319867503893716,"Col0-10-d"
"BRAA09G045310.3C","Col0","apex",11,0.26648055258442,"Col0-11-c"
"BRAA09G045310.3C","Col0","apex",11,0.191786770831201,"Col0-11-d"
"BRAA09G045310.3C","Col0","apex",13,0,"Col0-13-d"
"BRAA09G045310.3C","Col0","apex",9,0.543770043540217,"Col0-09-c"
"BRAA09G045310.3C","Col0","apex",9,0,"Col0-09-d"
"BRAA09G045310.3C","Col0","apex",12,0,"Col0-12-c"
"BRAA09G045310.3C","Col0","apex",12,0.107929076968958,"Col0-12-d"
"BRAA03G051930.3C","Col0","apex",7,80.2871098012646,"Col0-07-a"
"BRAA03G051930.3C","Col0","apex",7,73.5223605999045,"Col0-07-b"
"BRAA03G051930.3C","Col0","apex",8,88.5399171201222,"Col0-08-a"
"BRAA03G051930.3C","Col0","apex",8,87.5672362243257,"Col0-08-b"
"BRAA03G051930.3C","Col0","apex",9,123.712467009472,"Col0-09-a"
"BRAA03G051930.3C","Col0","apex",9,85.6031010704391,"Col0-09-b"
"BRAA03G051930.3C","Col0","apex",10,185.313768309033,"Col0-10-a"
"BRAA03G051930.3C","Col0","apex",10,115.221109181891,"Col0-10-b"
"BRAA03G051930.3C","Col0","apex",11,205.981195683589,"Col0-11-a"
"BRAA03G051930.3C","Col0","apex",11,173.811986806092,"Col0-11-b"
"BRAA03G051930.3C","Col0","apex",12,148.165014054207,"Col0-12-a"
"BRAA03G051930.3C","Col0","apex",12,108.682169075212,"Col0-12-b"
"BRAA03G051930.3C","Col0","apex",13,120.893274060916,"Col0-13-a"
"BRAA03G051930.3C","Col0","apex",13,123.601983459999,"Col0-13-b"
"BRAA03G051930.3C","Col0","apex",14,115.733108919497,"Col0-14-a"
"BRAA03G051930.3C","Col0","apex",14,112.256733498222,"Col0-14-b"
"BRAA03G051930.3C","Col0","apex",15,65.1680514599298,"Col0-15-a"
"BRAA03G051930.3C","Col0","apex",15,62.0812909256406,"Col0-15-b"
"BRAA03G051930.3C","Col0","apex",16,49.5098838370091,"Col0-16-a"
"BRAA03G051930.3C","Col0","apex",16,42.4221370033474,"Col0-16-b"
"BRAA03G051930.3C","Col0","apex",13,133.229027657359,"Col0-13-c"
"BRAA03G051930.3C","Col0","apex",10,147.076272268336,"Col0-10-c"
"BRAA03G051930.3C","Col0","apex",10,124.908260270496,"Col0-10-d"
"BRAA03G051930.3C","Col0","apex",11,152.782183481734,"Col0-11-c"
"BRAA03G051930.3C","Col0","apex",11,115.072062498721,"Col0-11-d"
"BRAA03G051930.3C","Col0","apex",13,200.91530611499,"Col0-13-d"
"BRAA03G051930.3C","Col0","apex",9,116.366789317606,"Col0-09-c"
"BRAA03G051930.3C","Col0","apex",9,108.596556493395,"Col0-09-d"
"BRAA03G051930.3C","Col0","apex",12,157.230828784262,"Col0-12-c"
"BRAA03G051930.3C","Col0","apex",12,202.906664701641,"Col0-12-d"
"BRAA02G043220.3C","Col0","apex",7,9.21901406148242,"Col0-07-a"
"BRAA02G043220.3C","Col0","apex",7,14.2444936782862,"Col0-07-b"
"BRAA02G043220.3C","Col0","apex",8,15.51603554539,"Col0-08-a"
"BRAA02G043220.3C","Col0","apex",8,13.3633412626696,"Col0-08-b"
"BRAA02G043220.3C","Col0","apex",9,20.7221484358896,"Col0-09-a"
"BRAA02G043220.3C","Col0","apex",9,19.1715278439004,"Col0-09-b"
"BRAA02G043220.3C","Col0","apex",10,8.78843562018341,"Col0-10-a"
"BRAA02G043220.3C","Col0","apex",10,16.375093036186,"Col0-10-b"
"BRAA02G043220.3C","Col0","apex",11,18.4307946427735,"Col0-11-a"
"BRAA02G043220.3C","Col0","apex",11,20.5194706646081,"Col0-11-b"
"BRAA02G043220.3C","Col0","apex",12,18.5350172981565,"Col0-12-a"
"BRAA02G043220.3C","Col0","apex",12,23.1886524535473,"Col0-12-b"
"BRAA02G043220.3C","Col0","apex",13,19.975679477114,"Col0-13-a"
"BRAA02G043220.3C","Col0","apex",13,22.1483322963005,"Col0-13-b"
"BRAA02G043220.3C","Col0","apex",14,26.7900715091427,"Col0-14-a"
"BRAA02G043220.3C","Col0","apex",14,49.2003884265221,"Col0-14-b"
"BRAA02G043220.3C","Col0","apex",15,48.2180413063777,"Col0-15-a"
"BRAA02G043220.3C","Col0","apex",15,108.392379147451,"Col0-15-b"
"BRAA02G043220.3C","Col0","apex",16,63.6250127063076,"Col0-16-a"
"BRAA02G043220.3C","Col0","apex",16,53.1094620067613,"Col0-16-b"
"BRAA02G043220.3C","Col0","apex",13,60.6945009517565,"Col0-13-c"
"BRAA02G043220.3C","Col0","apex",10,8.72035743022669,"Col0-10-c"
"BRAA02G043220.3C","Col0","apex",10,9.43609136486462,"Col0-10-d"
"BRAA02G043220.3C","Col0","apex",11,20.074868294693,"Col0-11-c"
"BRAA02G043220.3C","Col0","apex",11,9.78112531239125,"Col0-11-d"
"BRAA02G043220.3C","Col0","apex",13,42.9752376826021,"Col0-13-d"
"BRAA02G043220.3C","Col0","apex",9,7.2502672472029,"Col0-09-c"
"BRAA02G043220.3C","Col0","apex",9,5.14754319769915,"Col0-09-d"
"BRAA02G043220.3C","Col0","apex",12,22.2130362367553,"Col0-12-c"
"BRAA02G043220.3C","Col0","apex",12,19.1034466235055,"Col0-12-d"
"BRAA06G025360.3C","Col0","apex",7,9.21901406148242,"Col0-07-a"
"BRAA06G025360.3C","Col0","apex",7,14.2444936782862,"Col0-07-b"
"BRAA06G025360.3C","Col0","apex",8,15.51603554539,"Col0-08-a"
"BRAA06G025360.3C","Col0","apex",8,13.3633412626696,"Col0-08-b"
"BRAA06G025360.3C","Col0","apex",9,20.7221484358896,"Col0-09-a"
"BRAA06G025360.3C","Col0","apex",9,19.1715278439004,"Col0-09-b"
"BRAA06G025360.3C","Col0","apex",10,8.78843562018341,"Col0-10-a"
"BRAA06G025360.3C","Col0","apex",10,16.375093036186,"Col0-10-b"
"BRAA06G025360.3C","Col0","apex",11,18.4307946427735,"Col0-11-a"
"BRAA06G025360.3C","Col0","apex",11,20.5194706646081,"Col0-11-b"
"BRAA06G025360.3C","Col0","apex",12,18.5350172981565,"Col0-12-a"
"BRAA06G025360.3C","Col0","apex",12,23.1886524535473,"Col0-12-b"
"BRAA06G025360.3C","Col0","apex",13,19.975679477114,"Col0-13-a"
"BRAA06G025360.3C","Col0","apex",13,22.1483322963005,"Col0-13-b"
"BRAA06G025360.3C","Col0","apex",14,26.7900715091427,"Col0-14-a"
"BRAA06G025360.3C","Col0","apex",14,49.2003884265221,"Col0-14-b"
"BRAA06G025360.3C","Col0","apex",15,48.2180413063777,"Col0-15-a"
"BRAA06G025360.3C","Col0","apex",15,108.392379147451,"Col0-15-b"
"BRAA06G025360.3C","Col0","apex",16,63.6250127063076,"Col0-16-a"
"BRAA06G025360.3C","Col0","apex",16,53.1094620067613,"Col0-16-b"
"BRAA06G025360.3C","Col0","apex",13,60.6945009517565,"Col0-13-c"
"BRAA06G025360.3C","Col0","apex",10,8.72035743022669,"Col0-10-c"
"BRAA06G025360.3C","Col0","apex",10,9.43609136486462,"Col0-10-d"
"BRAA06G025360.3C","Col0","apex",11,20.074868294693,"Col0-11-c"
"BRAA06G025360.3C","Col0","apex",11,9.78112531239125,"Col0-11-d"
"BRAA06G025360.3C","Col0","apex",13,42.9752376826021,"Col0-13-d"
"BRAA06G025360.3C","Col0","apex",9,7.2502672472029,"Col0-09-c"
"BRAA06G025360.3C","Col0","apex",9,5.14754319769915,"Col0-09-d"
"BRAA06G025360.3C","Col0","apex",12,22.2130362367553,"Col0-12-c"
"BRAA06G025360.3C","Col0","apex",12,19.1034466235055,"Col0-12-d"
